timestamp,open,high,low,close,volume,MACD_DIF,MACD_DEA,MACD_Hist,K,D,J
2025-05-18 08:00:00,2.3968,2.4062,2.3839,2.3878,11118832.4,0.0,0.0,0.0,,,
2025-05-18 12:00:00,2.3878,2.4449,2.38,2.4378,20264941.6,0.0039886039886041225,0.0007977207977208245,0.003190883190883298,,,
2025-05-18 16:00:00,2.4379,2.4497,2.3653,2.3694,31840201.9,0.0016117141906315524,0.0009605194763029702,0.0006511947143285822,,,
2025-05-18 20:00:00,2.3694,2.437,2.332,2.428,28468799.2,0.004405755355289642,0.0016495666521003046,0.0027561887031893376,,,
2025-05-19 00:00:00,2.428,2.441,2.3486,2.3489,32508457.1,0.00023463939762535801,0.0013665812012053154,-0.0011319418035799574,,,
2025-05-19 04:00:00,2.3489,2.3628,2.2827,2.3055,45801910.5,-0.006498111160631481,-0.00020635727116204389,-0.006291753889469437,,,
2025-05-19 08:00:00,2.3056,2.3265,2.2868,2.3243,23193088.0,-0.010199290530654714,-0.002204943923060578,-0.007994346607594136,,,
2025-05-19 12:00:00,2.3243,2.3586,2.2906,2.3494,24957104.7,-0.010980564503970225,-0.003960068039242507,-0.0070204964647277174,,,
2025-05-19 16:00:00,2.3493,2.401,2.3366,2.3986,23348106.2,-0.007542752779314821,-0.00467660498725697,-0.002866147792057851,69.40119760479043,69.40119760479043,69.40119760479044
2025-05-19 20:00:00,2.3986,2.3988,2.366,2.3803,13072279.9,-0.0062231823080964865,-0.004985920451424873,-0.0012372618566716138,62.82634730538923,65.45628742514971,57.56646706586827
2025-05-20 00:00:00,2.3803,2.409,2.3741,2.3824,31508805.2,-0.004950889975284145,-0.004978914356196728,2.8024380912582483e-05,61.34572959344468,63.50918108381575,57.018826612702554
2025-05-20 04:00:00,2.3823,2.3927,2.3458,2.3464,21003730.6,-0.00676945421623909,-0.0053370223282052,-0.00143243188803389,52.57875521613365,58.96885033877857,39.7985649708438
2025-05-20 08:00:00,2.3463,2.3591,2.3346,2.3465,16634378.5,-0.008109133274352143,-0.005891444517434589,-0.0022176887569175536,47.8663466270119,54.706751757484255,34.1855363660672
2025-05-20 12:00:00,2.3465,2.3469,2.3203,2.3425,20933081.7,-0.009385415917895212,-0.006590238797526714,-0.0027951771203684984,47.67678414961932,52.137906451151665,38.75453954655464
2025-05-20 16:00:00,2.3425,2.371,2.3141,2.3557,26500244.7,-0.009225404702233764,-0.007117271978468124,-0.00210813272376564,50.759259061853115,51.649788944207216,48.9781992971449
2025-05-20 20:00:00,2.3557,2.3648,2.3377,2.3565,19713436.1,-0.008931089308741313,-0.007480035444522762,-0.0014510538642185516,52.458745273885256,51.930389656817184,53.5154565080214
2025-05-21 00:00:00,2.3565,2.3674,2.3311,2.3585,17985082.8,-0.008439177370151096,-0.007671863829648429,-0.0007673135405026673,50.51736051706813,51.446800684625146,48.658480181954076
2025-05-21 04:00:00,2.3585,2.3944,2.3414,2.349,29894392.7,-0.008715438075013626,-0.007880578678721469,-0.0008348593962921574,45.85592160025527,49.55028585450619,38.46719309175343
2025-05-21 08:00:00,2.3491,2.3607,2.3308,2.3524,17185576.3,-0.00856133534435033,-0.008016730011847242,-0.0005446053325030877,44.001937744208504,47.67920487994342,36.647403472738674
2025-05-21 12:00:00,2.3523,2.4068,2.3454,2.3993,36738068.0,-0.004601723970248717,-0.007333728803527537,0.0027320048332788206,60.09512262144622,51.849989812300784,76.5853882397371
2025-05-21 16:00:00,2.3994,2.4288,2.3349,2.3899,50209078.4,-0.0021968805977157224,-0.006306359162365174,0.004109478564649452,62.102208042664294,55.28504600158314,75.7365321248266
2025-05-21 20:00:00,2.3898,2.4164,2.3699,2.3952,23058468.5,0.00013508364683501028,-0.005018070600525138,0.005153154247360148,64.98006009470264,58.52782546612317,77.88452935186156
2025-05-22 00:00:00,2.3953,2.4233,2.3881,2.4173,32918868.8,0.003723544708555515,-0.0032697475387090075,0.006993292247264523,73.33039096940006,63.47330775870518,93.04455739078979
2025-05-22 04:00:00,2.4173,2.4205,2.3881,2.4055,25907761.3,0.0055512729511169034,-0.0015055434407438254,0.007056816391860728,74.29656151380273,67.08655996590457,88.71656460959906
2025-05-22 08:00:00,2.4055,2.4555,2.4039,2.4319,37729049.6,0.009025974304108342,0.0006007601082266081,0.008425214195881733,76.55819613932462,70.24697972090246,89.18062897616895
2025-05-22 12:00:00,2.4319,2.442,2.4089,2.4328,23290176.2,0.011717253434752273,0.002824058773531741,0.008893194661220532,78.30541671356265,72.93494416800063,89.04636180468671
2025-05-22 16:00:00,2.4329,2.4389,2.4153,2.4229,13235274.4,0.01290253191676971,0.004839753402179335,0.008062778514590375,76.82202780197028,74.23122345515634,82.00363649559816
2025-05-22 20:00:00,2.423,2.433,2.4053,2.4311,11959064.2,0.014338262557475723,0.006739455233238613,0.007598807324237109,77.80425642861923,75.42259272519458,82.56758383546853
2025-05-23 00:00:00,2.4311,2.4799,2.4212,2.4734,36693898.8,0.018674082716918505,0.009126380729974591,0.009547701986943914,83.70976871671348,78.18553865371838,94.75822884270369
2025-05-23 04:00:00,2.4735,2.478,2.41,2.4269,29059384.0,0.01814888104449386,0.010930880792878444,0.007218000251615415,73.07781871405815,76.48273774892762,66.26798064431924
2025-05-23 08:00:00,2.4268,2.4541,2.352,2.3636,33634569.0,0.012481000747927684,0.011240904783888292,0.0012400959640393918,51.73983969786041,68.23437009618672,18.75077890120778
2025-05-23 12:00:00,2.3637,2.3829,2.3,2.3617,54528871.0,0.007746553213604734,0.010542034469831582,-0.0027954812562268477,45.92515824563323,60.797524373627425,16.180425989644846
2025-05-23 16:00:00,2.3617,2.375,2.339,2.3403,18429187.6,0.002241825906501127,0.008881992757165492,-0.006640166850664365,38.083572978453645,53.225907389757545,7.798904155845847
2025-05-23 20:00:00,2.3403,2.3454,2.2838,2.2966,24989545.0,-0.00558258239287035,0.005989077727158324,-0.011571660120028674,27.56453160101352,44.6718896219716,-6.650184440902649
2025-05-24 00:00:00,2.2965,2.3364,2.2859,2.3341,15132321.8,-0.008657744651433319,0.003059713251439995,-0.011717457902873315,26.926402662458525,38.75662318785003,3.2659616116755075
2025-05-24 04:00:00,2.3342,2.3481,2.3284,2.336,8096606.8,-0.010816829102997971,0.00028440478055240205,-0.011101233883550374,26.82395787358581,34.77902141005976,10.91383080063791
2025-05-24 08:00:00,2.336,2.36,2.3314,2.3517,8685430.8,-0.011132729125129526,-0.0019990220005839834,-0.009133707124545542,29.42438933429137,32.994130088903454,22.284907825067208
2025-05-24 12:00:00,2.3518,2.3568,2.343,2.3523,7461778.6,-0.011205497186627777,-0.0038403170377927422,-0.007365180148835035,31.373907896822956,32.45405320832435,29.213617273820162
2025-05-24 16:00:00,2.3524,2.3548,2.3403,2.3487,4004564.1,-0.011421990714164387,-0.005356651773067071,-0.006065338941097316,33.61901941194515,32.84237662629364,35.17230498324818
2025-05-24 20:00:00,2.3487,2.3508,2.3217,2.3303,7400386.1,-0.012929249281731447,-0.006871171274799947,-0.0060580780069315,38.05345678831025,34.57940737309049,45.00155561874976
2025-05-25 00:00:00,2.3304,2.3365,2.2927,2.3228,15037452.3,-0.014561098594990884,-0.008409156738838136,-0.006151941856152749,39.62335958295389,36.2607273743764,46.348624000108856
2025-05-25 04:00:00,2.3228,2.3257,2.3013,2.308,7517219.9,-0.016854301349310763,-0.010098185660932662,-0.006756115688378101,37.00174708257784,36.50773419822904,37.98977285127545
2025-05-25 08:00:00,2.3081,2.3081,2.2781,2.2926,17341697.9,-0.01968738839216222,-0.012016026207178574,-0.007671362184983646,30.569332872356938,34.52826573018229,22.651467156706232
2025-05-25 12:00:00,2.2925,2.3109,2.266,2.2877,17411185.7,-0.022073568971123336,-0.014027534759967528,-0.008046034211155809,28.074589567035144,32.37703935754696,19.469689986011502
2025-05-25 16:00:00,2.2878,2.3124,2.2718,2.3055,9316381.5,-0.02227159000625134,-0.015676345809224293,-0.0065952441970270476,32.72348666224207,32.492521827693736,33.18541633133873
2025-05-25 20:00:00,2.3056,2.345,2.2994,2.3417,14854336.1,-0.019285178110624912,-0.016398112269504418,-0.002887065841120494,49.605675894386216,38.19690767734753,72.42321232846358
2025-05-26 00:00:00,2.3416,2.354,2.3308,2.3425,11804454.2,-0.01666180493757663,-0.01645085080311886,-0.00021095413445777061,61.78666846490554,46.06016233990252,93.23968071491157
2025-05-26 04:00:00,2.3426,2.3593,2.3359,2.3488,13520349.2,-0.013914013363962585,-0.015943483315287603,0.002029469951325018,70.77310669178192,54.29781120218989,103.72369767096598
2025-05-26 08:00:00,2.3489,2.3556,2.3292,2.3349,11995391.7,-0.012711452861969619,-0.015297077224624006,0.0025856243626543873,71.79800545188417,60.13120963712752,95.13159708139746
2025-05-26 12:00:00,2.3349,2.3452,2.3123,2.3328,16077294.2,-0.011791937336340208,-0.014596049246967247,0.002804111910627039,71.7310032746259,63.99780767170981,87.19739448045812
2025-05-26 16:00:00,2.3329,2.3365,2.2958,2.3119,13907866.2,-0.012604374604449742,-0.014197714318463747,0.001593339714014005,64.21938247483304,64.07166594139669,64.51481554170576
2025-05-26 20:00:00,2.3119,2.3248,2.3001,2.3103,7863414.5,-0.013224895260610214,-0.014003150506893042,0.0007782552462828277,58.64000265061019,62.26111147879034,51.39778499424989
2025-05-27 00:00:00,2.3103,2.317,2.2671,2.2958,19164297.9,-0.01471704226745274,-0.014145928859004984,-0.0005711134084477563,49.46932920666221,57.99718400396641,32.41361961205379
2025-05-27 04:00:00,2.2958,2.3104,2.2841,2.3012,16804243.0,-0.015287618500534617,-0.014374266787310911,-0.0009133517132237055,45.30782464414095,53.76739751710818,28.38867889820648
2025-05-27 08:00:00,2.3013,2.3233,2.3013,2.3197,12250003.8,-0.014084649811347827,-0.014316343392118295,0.000231693580770468,49.22184696352135,52.25221399122587,43.1611129081123
2025-05-27 12:00:00,2.3196,2.3543,2.307,2.3378,23175904.6,-0.011537769501456463,-0.01376062861398593,0.0022228591125294673,58.374940668861896,54.293122890973045,66.53857622463961
2025-05-27 16:00:00,2.3378,2.3493,2.3319,2.3355,11917222.1,-0.009594341685998486,-0.012927371228388442,0.0033330295423899554,64.6793389918125,57.755194932730696,78.52762710997611
2025-05-27 20:00:00,2.3356,2.3372,2.3055,2.3168,10734846.1,-0.009454113720200663,-0.012232719726750888,0.002778606006550225,62.118030271870346,59.20947338139136,67.93514405282832
2025-05-28 00:00:00,2.3167,2.3232,2.3028,2.3126,8238644.2,-0.009571552052180188,-0.01170048619183675,0.0021289341396565614,58.804986538639305,59.07464443366637,58.26567074858518
2025-05-28 04:00:00,2.3125,2.3163,2.2842,2.2957,15016828.7,-0.010902632773221566,-0.011540915508113713,0.0006382827348921476,50.13604606558856,56.095111642230265,38.21791491230513
2025-05-28 08:00:00,2.2957,2.3103,2.2881,2.308,12012180.3,-0.010840059175482253,-0.011400744241587423,0.00056068506610517,49.05858728481518,53.74960352200197,39.6765548104416
2025-05-28 12:00:00,2.308,2.3151,2.2522,2.2528,28386884.4,-0.0150709196424903,-0.012134779321767998,-0.0029361403207223014,32.901611237434295,46.80027275832656,5.104288195649772
2025-05-28 16:00:00,2.2528,2.2682,2.2265,2.2275,24062736.1,-0.020232181607895416,-0.013754259778993482,-0.006477921828901934,22.19523169389784,38.598592401823105,-10.611489721952694
2025-05-28 20:00:00,2.2275,2.281,2.2266,2.2742,12073926.7,-0.02031998307243965,-0.015067404437682716,-0.005252578634756935,27.238135683950162,34.81177349534406,12.09086006116236
2025-05-29 00:00:00,2.2742,2.3125,2.2674,2.2911,17739678.3,-0.01880905848685499,-0.01581573524751717,-0.0029933232393378195,35.694044854137104,35.10586394830207,36.87040666580717
2025-05-29 04:00:00,2.2911,2.2948,2.2715,2.2796,17375232.7,-0.018328316335905814,-0.0163182514651949,-0.0020100648707109155,39.78518979460724,36.665639230499245,46.024290922823226
2025-05-29 08:00:00,2.2796,2.304,2.277,2.3019,13822778.7,-0.015963879421790228,-0.016247377056513967,0.00028349763472373946,52.51449743684135,41.948591966162134,73.6463083781998
2025-05-29 12:00:00,2.3019,2.3095,2.266,2.2764,20775530.8,-0.01596366384039749,-0.016190634413290675,0.00022697057289318423,53.532307868092715,45.809830600244005,68.97726240379014
2025-05-29 16:00:00,2.2765,2.2914,2.2532,2.2643,16793641.0,-0.016746815007791405,-0.016301870532190822,-0.0004449444756005824,49.90942420695467,47.17636180250567,55.37554901585267
2025-05-29 20:00:00,2.2643,2.2835,2.238,2.2442,12593653.2,-0.018772966890988396,-0.016796089803950337,-0.001976877087038059,39.93209168337215,44.76160509609865,30.273064857919152
2025-05-30 00:00:00,2.2441,2.2523,2.1316,2.2175,67912532.2,-0.02227638541040511,-0.017892148925241293,-0.004384236485163815,42.449660532623966,43.99095690826755,39.3670677813368
2025-05-30 04:00:00,2.2175,2.2253,2.174,2.1904,29063184.1,-0.026929190399572533,-0.019699557220107543,-0.007229633179464991,39.13448900072538,42.372134272411465,32.65919845735321
2025-05-30 08:00:00,2.1904,2.2145,2.1702,2.2066,20875114.1,-0.028975357380834232,-0.021554717252252883,-0.00742064012858135,39.909449273012584,41.5512392726089,36.625869273819944
2025-05-30 12:00:00,2.2067,2.2099,2.1624,2.1836,27732187.1,-0.03208303399144308,-0.023660380600090923,-0.008422653391352154,36.34960099556558,39.81735984692366,29.414083292849426
2025-05-30 16:00:00,2.1836,2.2058,2.135,2.186,27724734.1,-0.033960751746290985,-0.025720454829330934,-0.00824029691696005,34.426059648155494,38.020259780664745,27.237659383136986
2025-05-30 20:00:00,2.1861,2.1969,2.1297,2.1398,19250078.0,-0.03873035110696943,-0.028322434084858635,-0.010407917022110795,24.823157303432,33.6212256215825,7.227020667131015
2025-05-31 00:00:00,2.1397,2.1487,2.0794,2.1103,41757803.8,-0.044379121533632215,-0.03153377157461335,-0.012845349959018863,21.40726210165665,29.549904448271,5.121977408427952
2025-05-31 04:00:00,2.1103,2.143,2.0996,2.1289,13298977.9,-0.04681529071083368,-0.03459007540185742,-0.012225215308976259,22.355780483254097,27.15186312659757,12.763615196567159
2025-05-31 08:00:00,2.1289,2.1533,2.1278,2.1394,13948026.2,-0.04735285584156612,-0.03714263148979916,-0.01021022435176696,26.471233643936667,26.924986632377195,25.56372766705561
2025-05-31 12:00:00,2.1395,2.1815,2.1394,2.173,15227506.0,-0.044554049538389595,-0.03862491509951725,-0.005929134438872344,39.03199903427434,30.96065743301042,55.17468223680218
2025-05-31 16:00:00,2.173,2.2065,2.1705,2.1919,14939093.6,-0.040345821813241756,-0.03896909644226215,-0.0013767253709796035,53.7785495659061,38.566621477310036,84.20240574309821
2025-05-31 20:00:00,2.1919,2.2003,2.1719,2.1738,10178480.5,-0.03803287049794646,-0.038781851253399016,0.0007489807554525579,59.964754627590544,45.6993325274042,88.49559882796324
2025-06-01 00:00:00,2.1739,2.1786,2.1495,2.1637,8979874.6,-0.036593004134134244,-0.038344081829546066,0.001751077695411822,62.085079009529366,51.16124802144627,83.93274098569557
2025-06-01 04:00:00,2.1636,2.1768,2.1548,2.1594,5223203.8,-0.03539090935753908,-0.03775344733514467,0.0023625379776055916,62.370907642859635,54.897801228584214,77.31712047141048
2025-06-01 08:00:00,2.1593,2.1604,2.1231,2.1411,14132547.4,-0.03550561106410921,-0.03730388008093758,0.0017982690168283702,57.76208949072865,55.85256398263239,61.58114050692117
2025-06-01 12:00:00,2.1411,2.1561,2.1263,2.1522,10342329.0,-0.03430538463975097,-0.03670418099270026,0.0023987963529492895,54.90968111355711,55.538269692940624,53.652503954790106
2025-06-01 16:00:00,2.1522,2.1767,2.1454,2.1675,14629188.1,-0.03175357892676667,-0.03571406057951354,0.003960481652746872,54.352257433018856,55.1429322729667,52.77090775312317
2025-06-01 20:00:00,2.1675,2.1879,2.1534,2.1792,9657704.8,-0.02845910346586189,-0.03426306915678321,0.005803965690921321,58.656900638799065,56.3142550615775,63.34219179324219
2025-06-02 00:00:00,2.1792,2.1834,2.1509,2.1574,13479500.6,-0.027292672794601902,-0.03286898988434695,0.005576317089745049,52.81363319964697,55.14738110760066,48.1461373837396
2025-06-02 04:00:00,2.1575,2.1794,2.1572,2.1633,17246122.1,-0.025597119729716233,-0.031414615853420806,0.005817496123704573,52.566601753132545,54.28712132277796,49.12556261384171
2025-06-02 08:00:00,2.1633,2.1793,2.1357,2.143,22409211.0,-0.025596363115008014,-0.03025096530573825,0.004654602190730234,45.28102668315822,51.285089776238046,33.27290049699856
2025-06-02 12:00:00,2.143,2.1636,2.1375,2.1594,16570147.4,-0.023995811771689635,-0.028999934598928526,0.005004122827238892,48.86019062827845,50.47679006025152,45.62699176433233
2025-06-02 16:00:00,2.1594,2.1786,2.1494,2.1653,9852198.9,-0.02199770673892809,-0.027599489026928443,0.005601782288000352,54.28127934889336,51.74495315646547,59.353931733749135
2025-06-02 20:00:00,2.1653,2.2045,2.1653,2.1965,16921398.8,-0.017692664827346327,-0.025618124187012023,0.007925459359665696,66.11079322321791,56.533566512049624,85.26524664555448
2025-06-03 00:00:00,2.1965,2.2219,2.1845,2.1958,19802657.9,-0.014173983388616307,-0.02332929602733288,0.009155312638716571,67.31438805755134,60.12717369388353,81.68881678488695
2025-06-03 04:00:00,2.1957,2.207,2.1876,2.19,10719150.6,-0.011718332878060345,-0.021007103397478372,0.009288770519418028,65.87393851941931,62.04276196906213,73.53629162013368
2025-06-03 08:00:00,2.19,2.2202,2.1838,2.2149,13269549.8,-0.007674523129014066,-0.018340587343785512,0.010666064214771447,74.54240912895546,66.2093110223599,91.20860534214657
2025-06-03 12:00:00,2.2148,2.2759,2.2058,2.2631,26974889.3,-0.0005738229196015077,-0.014787234458948712,0.014213411539347204,79.98500123575634,70.80120776015872,98.3525881869516
2025-06-03 16:00:00,2.2632,2.2819,2.24,2.2814,19883797.3,0.006455772092554213,-0.010538633148648127,0.01699440524120234,86.542668402497,76.04836130760481,107.5312825922814
2025-06-03 20:00:00,2.2815,2.2821,2.2346,2.2446,19384186.2,0.00895410696427179,-0.006640085126064144,0.015594192090335935,82.38390894882933,78.16021052134631,90.83130580379535
2025-06-04 00:00:00,2.2445,2.2658,2.2297,2.2528,13895863.8,0.011463581784400212,-0.003019351743971273,0.014482933528371485,80.89597949012644,79.0721335109397,84.54367144849994
2025-06-04 04:00:00,2.2528,2.253,2.2276,2.234,12122598.0,0.011799340326843932,-5.561332980823187e-05,0.011854953656652165,73.53681737697933,77.22702813295291,66.15639586503215
2025-06-04 08:00:00,2.2339,2.2642,2.2332,2.253,12928440.6,0.01344360311278292,0.0026442299587099987,0.010799373154072922,72.49012647105512,75.64806091232032,66.17425758852471
2025-06-04 12:00:00,2.253,2.2614,2.2195,2.2492,18497607.2,0.014275505829826063,0.0049704851329332115,0.009305020696892851,70.50376013634946,73.9332939869967,63.644692435054964
2025-06-04 16:00:00,2.2492,2.2522,2.206,2.206,12408564.2,0.011318443789563037,0.006240076864259177,0.00507836692530386,54.53048234251031,67.46569010550124,28.660066816528456
2025-06-04 20:00:00,2.206,2.2163,2.1951,2.2009,13071015.9,0.008465834569532316,0.006685228405313805,0.0017806061642185109,38.57587711722903,57.83575244274383,0.05612646619941586
2025-06-05 00:00:00,2.2009,2.2147,2.1977,2.2054,9248890.9,0.006493381937662246,0.006646859111783494,-0.00015347717412124776,29.663611564742723,48.445038816743455,-7.899242939258741
2025-06-05 04:00:00,2.2053,2.214,2.1837,2.1863,14866552.1,0.0033503676883319677,0.0059875608270931885,-0.0026371931387612207,20.656499850749945,39.182192494745614,-16.394885437241392
2025-06-05 08:00:00,2.1864,2.2101,2.186,2.2051,9805940.6,0.0023494264082204452,0.00525993394331864,-0.0029105075350981946,22.45959104950518,33.6079920129988,0.16278912251793543
2025-06-05 12:00:00,2.2051,2.2265,2.1777,2.1928,17858872.6,0.000557242483252729,0.004319395651305458,-0.0037621531680527287,20.791943165951384,29.33597573064966,3.7038780365548334
2025-06-05 16:00:00,2.1928,2.1932,2.1121,2.1301,33625721.7,-0.005854949964892331,0.0022845265280659,-0.008139476492958231,17.80606861951004,25.492673360269787,2.4328591379905404
2025-06-05 20:00:00,2.1301,2.1327,2.0591,2.0936,66821821.8,-0.013723705302158606,-0.0009171198379790014,-0.012806585464179605,17.555339204899912,22.84689530847983,6.97222699774008
2025-06-06 00:00:00,2.0936,2.1297,2.0812,2.1295,22007362.1,-0.016868471389165585,-0.004107390148216318,-0.012761081240949266,23.856157432992163,23.183316016650608,25.201840265675273
2025-06-06 04:00:00,2.1295,2.1427,2.1205,2.1303,14288433.8,-0.019076268507029592,-0.007101165819978973,-0.01197510268705062,30.081723434021868,25.482785155774362,39.27959999051688
2025-06-06 08:00:00,2.1303,2.156,2.1303,2.1502,9648046.9,-0.019001166322940133,-0.009481165920571206,-0.009520000402368927,38.194665483294514,29.720078598281077,55.14383925332139
2025-06-06 12:00:00,2.1502,2.1903,2.1482,2.1845,23527397.7,-0.015989605736283607,-0.010782853883713688,-0.00520675185256992,50.43324174394062,36.624466313500925,78.05079260482002
2025-06-06 16:00:00,2.1846,2.1854,2.1622,2.1736,14116228.2,-0.014317418886495403,-0.01148976688427003,-0.0028276520022253726,56.421842564459006,43.22359173048695,82.8183442324031
2025-06-06 20:00:00,2.1737,2.1825,2.159,2.1598,8952300.4,-0.013944994216302575,-0.01198081235067654,-0.001964181865626035,57.66633391194919,48.0378391243077,76.92332348723217
2025-06-07 00:00:00,2.1598,2.1796,2.1475,2.1795,7798454.5,-0.011922781221521017,-0.011969206124845436,4.642490332441851e-05,68.372137099639,54.815938449418134,95.48453440008073
2025-06-07 04:00:00,2.1795,2.1903,2.1699,2.1834,6806616.0,-0.009891443049295567,-0.011553653509735463,0.0016622104604398953,77.16170928593812,62.26452872825812,106.9560704012981
2025-06-07 08:00:00,2.1834,2.1912,2.173,2.1829,7521290.9,-0.008227101825480698,-0.01088834317288451,0.0026612413474038123,82.25932134214064,68.92945959955229,108.91904482731732
2025-06-07 12:00:00,2.1829,2.1907,2.1787,2.1829,6319793.0,-0.006829374635022312,-0.01007654946531207,0.003247174830289759,84.25963242705663,74.0395172087204,104.6998628637291
2025-06-07 16:00:00,2.183,2.1866,2.1723,2.1759,6830557.7,-0.0062148661566281405,-0.009304212803575285,0.003089346646947145,81.1320373815846,76.40369059967513,90.58873094540351
2025-06-07 20:00:00,2.1758,2.1868,2.1754,2.1769,5249984.9,-0.005582816879748265,-0.008559933618809882,0.0029771167390616176,76.51365421167422,76.44034513700815,76.66027236100635
2025-06-08 00:00:00,2.1768,2.1771,2.1661,2.1754,3928894.7,-0.005143657852224592,-0.007876678465492825,0.0027330206132682323,72.29056733867519,75.05708587089715,66.75753027423124
2025-06-08 04:00:00,2.1753,2.2248,2.171,2.2072,21269808.4,-0.0022042180688113255,-0.006742186386156525,0.0045379683173451995,73.93756666907787,74.68391280362407,72.44487439998548
2025-06-08 08:00:00,2.2072,2.2497,2.1972,2.2419,16412799.4,0.0028919722808007364,-0.004815354652765073,0.007707326933565809,80.0810131348973,76.4829462473818,87.27714690992829
2025-06-08 12:00:00,2.2418,2.2937,2.2418,2.2774,41167933.1,0.009683665890544813,-0.001915550544103096,0.011599216434647909,82.46257719964946,78.47615656480436,90.43541846933968
2025-06-08 16:00:00,2.2774,2.2988,2.2722,2.2884,16572838.9,0.015771931073215395,0.0016219457793606024,0.014149985293854793,85.69597585728961,80.88276299563277,95.32240158060327
2025-06-08 20:00:00,2.2884,2.2952,2.2548,2.267,16457689.1,0.018655079793846507,0.005028572582257784,0.013626507211588723,82.47604117690192,81.41385572272249,84.60041208526079
2025-06-09 00:00:00,2.2669,2.2682,2.2313,2.2425,16771807.4,0.018746947540280168,0.007772247573862261,0.010974699966417907,74.17518545177036,79.00096563240511,64.52362509050087
2025-06-09 04:00:00,2.2425,2.2425,2.2223,2.231,15986907.5,0.017687904349704908,0.009755378929030792,0.007932525420674116,65.75256020823872,74.58483049101632,48.08801964268352
2025-06-09 08:00:00,2.231,2.2704,2.2297,2.2689,23280415.5,0.019679959920055,0.011740295127235633,0.007939664792819368,69.65769776253843,72.94245291485703,63.088187457901256
2025-06-09 12:00:00,2.2689,2.2696,2.24,2.2632,18959024.6,0.020561713316539887,0.013504578765096484,0.007057134551443403,70.48645682865107,72.12378755278837,67.21179538037649
2025-06-09 16:00:00,2.2633,2.3137,2.2618,2.2956,26264356.0,0.023602839615022297,0.015524230935081648,0.00807860867994065,75.14547765686895,73.13101758748189,79.17439779564307
2025-06-09 20:00:00,2.2956,2.3293,2.2946,2.3211,27357720.2,0.02775069822933096,0.017969524393931513,0.009781173835399448,80.87580130395624,75.71261215964,91.20217959258872
2025-06-10 00:00:00,2.321,2.3276,2.2982,2.2985,20048830.7,0.028881348730805723,0.020151889261306354,0.008729459469499368,77.65551862631357,76.36024764853119,80.24606058187834
2025-06-10 04:00:00,2.2985,2.3017,2.2731,2.2841,15414335.1,0.028289335890299583,0.021779378587105002,0.006509957303194581,71.02268219947383,74.58105916551206,63.9059282673974
2025-06-10 08:00:00,2.2841,2.3158,2.2703,2.3046,21438752.7,0.029138450207392363,0.023251192911162476,0.005887257296229888,72.98708408313838,74.04973413805418,70.86178397330681
2025-06-10 12:00:00,2.3045,2.3201,2.2601,2.2762,31348190.7,0.02720612153608437,0.024042178636146855,0.0031639428999375163,65.44933331399248,71.18293386336694,53.98213221524355
2025-06-10 16:00:00,2.2762,2.3128,2.2691,2.2957,14458744.2,0.026937703100887944,0.024621283529095074,0.00231641957179287,65.72124228964968,69.36237000546119,58.43898685802665
2025-06-10 20:00:00,2.2957,2.313,2.285,2.3074,17178454.4,0.027353754718885792,0.025167777767053222,0.0021859769518325703,68.9728028104943,69.23251427380556,68.45337988387178
2025-06-11 00:00:00,2.3074,2.3128,2.2783,2.2979,16459819.6,0.026610162627928702,0.025456254739228322,0.0011539078887003798,64.18996102587862,67.55166319116324,57.46655669530935
2025-06-11 04:00:00,2.298,2.3015,2.283,2.2931,9819905.1,0.02534142053241606,0.02543328789786587,-9.186736544981172e-05,58.68926110781115,64.5975291633792,46.87272499667503
2025-06-11 08:00:00,2.293,2.3296,2.293,2.3146,31359845.7,0.02577370042302629,0.025501370402897957,0.0002723300201283342,65.26526280089084,64.82010704254975,66.15557431757301
2025-06-11 12:00:00,2.3147,2.3379,2.3046,2.3258,25675449.6,0.026712111158712304,0.02574351855406083,0.0009685926046514755,71.65927545766338,67.09982984758763,80.77816667781488
2025-06-11 16:00:00,2.3258,2.3308,2.2833,2.286,17359692.7,0.023967992946970718,0.02538841343264281,-0.0014204204856720914,58.86967978240116,64.35644649252548,47.89614636215251
2025-06-11 20:00:00,2.2859,2.3001,2.2524,2.2704,18104772.8,0.02030045881586906,0.024370822509288063,-0.004070363693419003,46.26399704791651,58.32563001098916,22.14073112177121
2025-06-12 00:00:00,2.2704,2.2733,2.2376,2.244,16244892.8,0.01508970747308691,0.022514599502047834,-0.007424892028960923,32.96961717451669,49.873625732165,-0.8383999407799223
2025-06-12 04:00:00,2.244,2.2576,2.2321,2.2397,14879768.0,0.010492227560957357,0.020110125113829737,-0.00961789755287238,24.374199729450968,41.37381706459366,-9.62503494083441
2025-06-12 08:00:00,2.2397,2.2497,2.2237,2.2255,13231070.8,0.00563788030716994,0.017215676152497777,-0.011577795845327837,16.774860531834737,33.17416488700735,-16.023748178510488
2025-06-12 12:00:00,2.2255,2.2525,2.2211,2.2284,15587901.7,0.0020017064723547584,0.014172882216469174,-0.012171175744114415,13.266573687889911,26.538301153968206,-13.276881244266676
2025-06-12 16:00:00,2.2285,2.2553,2.2026,2.2037,15012712.1,-0.002840329511871964,0.010770239870800946,-0.01361056938267291,9.1153851686204,20.730662492185605,-14.115169478510012
2025-06-12 20:00:00,2.2037,2.2131,2.1706,2.1899,23263851.9,-0.007702433721601398,0.007075705152320477,-0.014778138873921876,9.922310973142892,17.1278786525047,-4.4888243855807275
2025-06-13 00:00:00,2.19,2.1918,2.0828,2.1251,70710520.3,-0.016593228373422253,0.0023419184471719316,-0.018935146820594183,12.30035785306301,15.518705052690805,5.863663453807419
2025-06-13 04:00:00,2.1252,2.1317,2.0924,2.1295,26380667.4,-0.02301885690834249,-0.0027302366239309525,-0.020288620284411536,15.363913979047682,15.467108028143096,15.157525880856856
2025-06-13 08:00:00,2.1295,2.1599,2.1238,2.1544,22626146.5,-0.025804533317088207,-0.007345095962562404,-0.018459437354525803,22.771043265121865,17.90175310713602,32.50962358109356
2025-06-13 12:00:00,2.1545,2.1626,2.122,2.1473,24636551.9,-0.028259356334571883,-0.011527948036964301,-0.01673140829760758,27.480466677129268,21.0946576304671,40.2520847704536
2025-06-13 16:00:00,2.1473,2.1597,2.1163,2.122,18711000.8,-0.031878840392889796,-0.015598126508149401,-0.016280713884740394,25.89519034513926,22.69483520202449,32.2959006313688
2025-06-13 20:00:00,2.1221,2.1516,2.1207,2.1472,8859386.0,-0.03234107046259327,-0.018946715299038176,-0.013394355163555093,29.707904674537293,25.032525026195426,39.05866397122103
2025-06-14 00:00:00,2.1473,2.1605,2.1325,2.1589,8790410.6,-0.031401323987716,-0.02143763703677374,-0.009963686950942262,34.510583792686674,28.191877948359178,47.14799548134167
2025-06-14 04:00:00,2.1589,2.1695,2.1488,2.1651,12507838.4,-0.0298126186414418,-0.023112633357707354,-0.006699985283734448,44.061033861279434,33.48159658599926,65.21990841183977
2025-06-14 08:00:00,2.1651,2.1801,2.1578,2.1769,12274102.6,-0.02728685099246464,-0.023947476884658814,-0.003339374107805826,58.15078098397211,41.704658051990215,91.0430268479359
2025-06-14 12:00:00,2.1768,2.178,2.1448,2.1491,9721543.0,-0.02721467575759684,-0.024600916659246422,-0.0026137590983504183,60.317928485703874,47.90908152989476,85.1356223973221
2025-06-14 16:00:00,2.1491,2.1514,2.1146,2.1245,15886304.0,-0.02881038261623159,-0.02544280985064346,-0.0033675727655881303,45.25012026273388,47.0227611075078,41.70483857318605
2025-06-14 20:00:00,2.1246,2.1464,2.1093,2.1394,8464412.1,-0.028543652860276048,-0.02606297845256998,-0.002480674407706069,44.33812160641775,46.12788127381111,40.75860227163102
2025-06-15 00:00:00,2.1393,2.1533,2.1375,2.153,5210916.7,-0.02692449247757267,-0.02623528125757052,-0.0006892112200021505,50.13313568488113,47.462966077501115,55.473474899641175
2025-06-15 04:00:00,2.1531,2.1624,2.1479,2.1513,5366568.5,-0.025484700240667735,-0.026085165054189965,0.0006004648135222307,53.196101756022436,49.374011303674884,60.840282660717534
2025-06-15 08:00:00,2.1513,2.1676,2.1462,2.159,10196856.5,-0.023451988941205038,-0.02555852983159298,0.002106540890387941,58.86331454167965,52.537112383009806,71.51571885901934
2025-06-15 12:00:00,2.1591,2.1759,2.1574,2.1645,8302586.7,-0.021153403291299,-0.024677504523534184,0.003524101232235184,65.23091025942479,56.7683783418148,82.15597409464478
2025-06-15 16:00:00,2.1646,2.1719,2.1585,2.1641,5581954.2,-0.019143361505288947,-0.02357067591988514,0.004427314414596192,69.28765015411743,60.94146894591568,85.98001257052091
2025-06-15 20:00:00,2.1641,2.1707,2.1407,2.1655,11936736.9,-0.017238703564622426,-0.0223042814488326,0.005065577884210172,73.46008312069752,65.11434033750963,90.15156868707331
2025-06-16 00:00:00,2.1655,2.1871,2.1512,2.1721,13715500.6,-0.015023502003534972,-0.020848125559773074,0.005824623556238102,75.87998686195596,68.70288917899174,90.23418222788439
2025-06-16 04:00:00,2.1722,2.2054,2.1714,2.2031,19177865.6,-0.010643802751930664,-0.01880726099820459,0.008163458246273927,83.12221115112014,73.50932983636788,102.34797378062464
2025-06-16 08:00:00,2.2031,2.2498,2.1936,2.2456,18169932.8,-0.003700804161620219,-0.015785969630887717,0.012085165469267498,87.50148003722643,78.17337990332074,106.15768030503781
2025-06-16 12:00:00,2.2455,2.298,2.2447,2.2899,45891738.7,0.00531494463889759,-0.011565786776930657,0.016880731415828246,89.95118800532191,82.09931593732112,105.65493214132348
2025-06-16 16:00:00,2.29,2.336,2.2899,2.3357,39730932.9,0.01597155757789137,-0.0060583179059662505,0.02202987548385762,93.24958872653826,85.81607353372685,108.11661911216109
2025-06-16 20:00:00,2.3357,2.337,2.2288,2.238,44089868.4,0.016345011503566376,-0.0015776520240597253,0.0179226635276261,78.68872225172173,83.44028977305847,69.18558720904824
2025-06-17 00:00:00,2.2379,2.2572,2.2016,2.2493,32684717.1,0.01735276017463816,0.0022084304156798516,0.015144329758958307,70.90030965533356,79.2602964004835,54.18033616503368
2025-06-17 04:00:00,2.2492,2.2493,2.232,2.2474,5000365.6,0.01779298764998405,0.005325341862540692,0.012467645787443356,65.3853991691016,74.63533065668953,46.88553619392573
